age,screen_time_hours,work_screen_hours,leisure_screen_hours,sleep_hours,sleep_quality_1_5,exercise_minutes_per_week,social_hours_per_week,mental_wellness_index_0_100,occupation_Employed,occupation_Retired,occupation_Self-employed,occupation_Student,occupation_Unemployed,work_mode_Hybrid,work_mode_In-person,work_mode_Remote,gender_Female,gender_Male,gender_Non-binary/Other
0.36657841404335584,0.701890147156816,1.6659949347397398,-0.6743946270740133,-0.43047958159466027,-0.586144340731908,0.24710997389361863,-1.4772898418899003,-0.5213690375414136,True,False,False,False,False,False,False,True,True,False,False
-0.341541967824289,-0.6555915896224966,-0.9419024579410217,0.08802178412352536,1.2301576574750452,2.5208305562945688,-0.5141934073335467,-1.1916094023145736,1.8473526624898664,True,False,False,False,False,False,True,False,True,False,False
0.6498265667904137,0.29744868575648975,-0.5715501654893159,0.8413618094734737,-0.6058990082569523,-0.586144340731908,-0.614742910514493,0.012329593038588415,-0.8092520586539572,True,False,False,False,False,True,False,False,True,False,False
1.6411951014051165,0.8380387579252433,-0.8441706029884882,1.69454207914691,-0.12641924204668642,-0.586144340731908,-1.5771452981035512,-0.45700255769230524,-0.9910729140934585,True,False,False,False,False,True,False,False,False,True,False
-0.341541967824289,1.674952277060572,0.9715843863927912,1.0410422981204486,-1.4128283709034994,-0.586144340731908,0.47693740973578175,0.44085025240157827,-0.9910729140934585,False,False,False,True,False,False,False,True,False,True,False
-0.341541967824289,0.3174705402812587,-0.8596019485073093,1.1181915778249614,0.2244196112778999,-0.586144340731908,-0.5572860515539523,0.4816617437694823,-0.7385439482052624,False,False,True,False,False,True,False,False,False,False,True
1.6411951014051165,-1.208194774506111,0.3183240927626992,-1.6501061056899105,0.5167853223817211,0.9673431077813304,0.44820898025551137,-0.6610600145318243,1.2160302477693763,False,True,False,False,False,False,False,True,False,False,True
0.7914506431639426,-1.13211172731199,-0.7464387480359548,-0.6244745049122696,-0.2550601549323671,0.9673431077813304,-0.8445703463566562,2.195744381221442,1.7513916554523516,True,False,False,False,False,False,True,False,False,True,False
-0.6247901205713469,-1.104081130977314,-0.7875890027528111,-0.5564016110553464,1.7330266805736174,4.074318004807807,0.5631226981765929,0.44085025240157827,3.392829933725627,False,False,False,True,False,False,True,False,False,True,False
0.5082024904168848,0.13326947865338695,-0.7001447114794916,0.7687507226927557,0.9144026894829178,0.9673431077813304,-0.8589345610967914,0.9713996401843276,-0.4506609270927187,True,False,False,False,False,True,False,False,False,True,False
-0.6247901205713469,0.33348802390107324,0.42119972955483975,0.006334311495217396,-0.6994560358101752,-0.586144340731908,-0.3274586157117892,-0.3549738292725458,0.10995337717907688,False,False,False,True,False,False,False,True,False,True,False
-0.6247901205713469,-1.6326580904312058,-1.0036278400163061,-0.964838974196885,1.183379143698433,2.5208305562945688,1.1233270730418656,0.9305881488164239,2.7615075190051366,False,False,False,False,True,True,False,False,True,False,False
0.0833302612962979,1.4066594264286725,2.3655492649262952,-0.49286691012221834,-0.04455684293761614,-0.586144340731908,0.419480550775241,0.6857192006090013,-0.9910729140934585,False,False,False,True,False,False,False,True,True,False,False
-0.7664141969448758,1.7830702914943224,0.3183240927626992,1.7399240083848584,0.15425184061298222,-0.586144340731908,2.5022916880948443,-1.0487691825269105,-0.9910729140934585,True,False,False,False,False,True,False,False,False,True,False
-1.3329105024389916,-0.07095343749925298,-0.7104322751587057,0.5463792694268069,-0.5474258660361883,-0.586144340731908,1.6260745889465973,1.0530226229201354,-0.4607620857282465,True,False,False,False,False,False,True,False,True,False,False
0.22495433766982686,-0.7637096040562473,-0.7104322751587057,-0.23872810638970568,0.07238944150391194,-0.586144340731908,0.8216785634990265,0.7469364376608568,0.49884798464689895,False,False,True,False,False,True,False,False,False,True,False
-1.1912864260654628,-0.34325065903610624,-0.77215765723399,0.2922404656942947,2.5750399285526213,2.5208305562945688,-0.830206131616521,0.6653134549250491,2.488776235845885,False,False,False,True,False,True,False,False,False,True,False
-1.7577827315595784,0.48965848919426946,1.8151646080883435,-1.0465264468251925,-0.021167586049309902,-0.586144340731908,-0.39927968941246517,-1.3140438764182851,-0.44561034777495473,False,False,False,True,False,False,False,True,True,False,False
1.4995710250315875,0.44160603833482437,0.5600818392242294,0.006334311495217396,-0.3720064393738962,-0.586144340731908,-0.6434713399947635,-1.0487691825269105,-0.9910729140934585,False,False,False,True,False,False,False,True,True,False,False
-0.341541967824289,-0.6075391387630522,0.35433056563994847,-1.001144517587244,-1.7636672242280846,-0.586144340731908,1.2956976499234878,1.073428368604087,-0.07186747826042444,False,False,False,False,True,False,False,True,False,True,False
-0.05829381507723105,-0.5474735751887462,-0.28349838247132264,-0.37033570117975695,1.5926911392437821,2.5208305562945688,0.2902026181140242,0.1959813041941556,1.7109870209102405,False,False,True,False,False,False,True,False,False,True,False
-1.7577827315595784,-1.3203171598448151,0.06627878262195509,-1.5548040542902182,-0.7696238064750929,-0.586144340731908,-0.6721997694750339,1.9712811786979714,1.4685592136575725,True,False,False,False,False,False,False,True,False,True,False
-0.7664141969448758,-0.04292284116457679,-0.9007522032241656,0.7460597580737818,-0.9216539762490799,-0.586144340731908,-0.5860144810342227,0.11435832145834791,-0.9557188588691111,True,False,False,False,False,False,True,False,False,True,False
-0.05829381507723105,-0.7957445712958772,-0.7207198388379197,-0.26595726393247476,0.09577869839221817,-0.586144340731908,1.2095123614826768,0.13476406714229974,-0.9001624863737079,True,False,False,False,False,True,False,False,False,True,False
-1.4745345788125206,0.9061130633094566,1.5271128250703498,-0.32041557901801326,0.8676241757063063,0.9673431077813304,1.2526050057030822,-0.11010488106512292,-0.7587462654763181,False,False,False,True,False,False,False,True,False,True,False
0.36657841404335584,-0.971936891113841,-0.9624775852994498,-0.25234268516109,1.2418522859191978,0.9673431077813304,1.6835314479071382,-0.9059289627392472,1.1705750339095007,False,False,False,False,True,False,True,False,False,True,False
-0.7664141969448758,-0.6435784769076357,-0.7567263117151689,-0.06173858236170544,0.13086258372467702,0.9673431077813304,0.7785859192786209,-1.6201300616775636,0.46854450874031534,True,False,False,False,False,True,False,False,False,True,False
-0.4831660441978179,0.2133568967524619,-0.8853208577053444,1.0228895264252686,0.21272498283374625,-0.586144340731908,-0.41364390415260033,0.23679279556205926,-0.9456177002335833,True,False,False,False,False,False,True,False,True,False,False
-0.7664141969448758,-1.0680417928327304,-0.7310074025171337,-0.5654779969029363,-0.10302998515838017,-0.586144340731908,-1.5771452981035512,0.1959813041941556,-0.430458609821663,True,False,False,False,False,False,True,False,True,False,False
1.9244432541521743,2.1274461893203425,2.746189121057215,-0.011818460199962107,-0.5825097513686471,-0.586144340731908,-0.14072382409003165,-0.5794370317960168,-0.9910729140934585,False,False,False,True,False,False,False,True,True,False,False
-0.19991789145076,-0.8598145057751369,-0.48924965605560355,-0.5427870322839621,0.49339606549341486,-0.586144340731908,0.0891036117521315,-1.5793185703096597,-0.12237327143806367,False,False,False,True,False,False,False,True,False,True,False
-1.3329105024389916,0.9381480305490865,-0.8390268211488813,1.803458709317987,0.44661755171680345,-0.586144340731908,-0.21254489779070762,0.7061249462929531,-0.8698590104671244,True,False,False,False,False,True,False,False,False,True,False
0.7914506431639426,1.6068779716763586,-0.7978765664320251,2.5250313842013714,0.32967126727527535,-0.586144340731908,-0.34182283045192435,-0.7630887429515838,-0.9910729140934585,False,False,False,True,False,False,True,False,False,True,False
-1.4745345788125206,-0.6275609932878208,0.4160559477152326,-1.0782937972917568,0.668815492155708,-0.586144340731908,-1.3616820770015232,1.2978915711275583,-0.24358717506439778,True,False,False,False,False,False,False,True,True,False,False
0.0833302612962979,0.3575142493307958,-0.16004761832075406,0.5463792694268069,-0.43047958159466027,-0.586144340731908,0.4051163360351058,1.4815432822831252,-0.8799601691026522,False,False,False,True,False,True,False,False,True,False,False
-1.6161586551860496,-0.4633817861847179,-0.9316148942618077,0.29677865861808944,0.03730555617145413,-0.586144340731908,0.6205795571371338,-0.06929338969721927,-0.09712037484924406,True,False,False,False,False,False,True,False,True,False,False
0.0833302612962979,-0.0909752920240219,0.8841400951194719,-0.8831515015685774,-0.9099593478049273,-0.586144340731908,0.8934996371997024,-0.45700255769230524,-0.35975049937296805,True,False,False,False,False,False,False,True,False,True,False
0.6498265667904137,-1.3563564979893987,-0.9470462397806289,-0.7016237846167824,0.32967126727527535,0.9673431077813304,0.8504069929792968,2.338584601009105,0.7867310057594428,True,False,False,False,False,False,True,False,True,False,False
0.0833302612962979,0.1092432532236651,-0.7978765664320251,0.8277472307020893,0.09577869839221817,0.9673431077813304,-0.5141934073335467,-1.3956668591540926,0.5443031985067742,True,False,False,False,False,False,True,False,True,False,False
-0.19991789145076,-0.5274517206639776,1.7071451894565957,-2.1039253980693977,1.1249060014776688,2.5208305562945688,-0.05453853564922046,1.9508754330140192,2.1503874215557017,True,False,False,False,False,False,False,True,False,True,False
-0.4831660441978179,1.110335979462096,1.2544923875711775,0.15155648505665342,-0.6409828935894112,-0.586144340731908,-0.2556375420111132,-0.9059289627392472,-0.9910729140934585,True,False,False,False,False,False,False,True,True,False,False
-1.7577827315595784,-0.9318931820643038,-0.7515825298755618,-0.39302666579873125,-0.8047076918075518,-0.586144340731908,0.13219625597253706,0.012329593038588415,0.18571206694553574,True,False,False,False,False,False,True,False,True,False,False
-0.9080382733184048,-1.176159807266481,-0.32464863718817877,-1.0465264468251925,0.5518692077141789,-0.586144340731908,1.1233270730418656,0.012329593038588415,-0.24358717506439778,False,False,False,False,True,False,False,True,False,True,False
-0.6247901205713469,-0.6315653641927744,-0.3863740192634631,-0.37487389410355176,0.3881444094960394,0.9673431077813304,0.6636722013575393,0.09395257577439609,0.20591438421659136,True,False,False,False,False,False,True,False,True,False,False
1.0746987959110006,2.075389367555944,2.7359015573780003,-0.06173858236170544,-0.5825097513686471,-0.586144340731908,1.6117103742064622,1.2162685883917506,-0.9910729140934585,False,False,False,True,False,False,False,True,False,True,False
0.22495433766982686,0.3575142493307958,0.8069833675253666,-0.30680100024662854,0.7857617765972361,0.9673431077813304,2.0713652458907883,-1.5181013332578042,-0.05671574030713264,False,False,False,True,False,False,False,True,False,True,False
0.22495433766982686,-0.9078669566345813,-0.9470462397806289,-0.19334617715175673,-0.07964072827007498,-0.586144340731908,-1.5771452981035512,0.032735338722540246,0.3877352396560927,True,False,False,False,False,True,False,False,True,False,False
-0.6247901205713469,0.48565411828931515,1.743151662333845,-0.9875299388158593,-0.7813184349192455,-0.586144340731908,1.0227775698609192,-0.5182197947441609,-0.9759211761401667,False,False,False,True,False,False,False,True,False,True,False
-0.9080382733184048,-0.11500151745374375,-0.3092172916693577,0.14248009920906388,-0.9333486046932324,-0.586144340731908,-0.6434713399947635,2.7875110060560475,-0.9910729140934585,True,False,False,False,False,True,False,False,True,False,False
0.5082024904168848,0.43760166742987006,-0.8698895121865233,1.2634137513863966,0.5635638361583325,-0.586144340731908,-0.9594840642777378,-0.5182197947441609,-0.9153142243269996,True,False,False,False,False,True,False,False,True,False,False
1.0746987959110006,0.17331318770292478,0.10228525549920417,0.10617455581870486,1.4289663410256437,0.9673431077813304,-0.47110076311314114,0.4612559980855301,0.7463263712173311,True,False,False,False,False,False,False,True,True,False,False
0.9330747195374717,-0.5875172842382833,-0.9161835487429867,0.14248009920906388,0.09577869839221817,0.9673431077813304,-0.35618704519205957,0.7265306919769049,0.3927858189738565,True,False,False,False,False,True,False,False,False,False,True
-1.0496623496919337,-0.9118713275395353,-0.8493143848280953,-0.28411003562765424,0.1425572121688296,0.9673431077813304,0.6780364160976745,-1.4160726048380448,0.9837035991522357,False,False,False,True,False,False,True,False,True,False,False
-0.4831660441978179,-0.48740801161444014,0.15372307389527445,-0.6880092058453977,1.6043857676879347,2.5208305562945688,-1.5771452981035512,2.216150126905394,1.2362325650404318,False,False,False,True,False,False,False,True,True,False,False
0.22495433766982686,0.9821961105035772,-0.5664063836497089,1.6128546065186022,0.11916795528052337,0.9673431077813304,-1.3616820770015232,-1.6201300616775636,0.5190503019179545,True,False,False,False,False,True,False,False,False,True,False
0.9330747195374717,-0.05894032478439135,-0.14976005464154002,0.06533081950455108,0.5752584646024852,0.9673431077813304,0.31893104759429464,-0.37537957495649776,0.008941790823798406,True,False,False,False,False,True,False,False,True,False,False
-0.6247901205713469,0.7279185580390157,-0.3889459101832667,1.1681116999867047,-1.2958820864619713,-0.586144340731908,0.419480550775241,-0.4774083033762573,-0.7637968447940819,True,False,False,False,False,False,True,False,True,False,False
-0.341541967824289,-0.006883503019993315,0.24116736516859383,-0.22057533469452617,0.668815492155708,-0.586144340731908,0.5487584834364577,-0.008076152645363413,-0.8749095897848882,True,False,False,False,False,False,False,True,True,False,False
-1.3329105024389916,0.8500518706401042,-0.3812302374238561,1.2997192947767555,-1.2958820864619713,-0.586144340731908,-1.1318546411593602,-1.0487691825269105,-0.7991509000184294,False,False,False,True,False,False,True,False,True,False,False
-1.4745345788125206,-0.6956352986720337,-0.28349838247132264,-0.5382488393601669,-0.8164023202517043,-0.586144340731908,-0.9882124937580081,-0.04888764401326725,-0.49611614095259393,False,False,True,False,False,True,False,False,True,False,False
0.7914506431639426,-0.8357882803454146,0.8738525314402579,-1.7181789995468337,0.1659464690571348,-0.586144340731908,-0.37055125993219473,-0.008076152645363413,-0.9910729140934585,True,False,False,False,False,False,False,True,True,False,False
1.3579469486580584,-1.4164220615637046,0.15372307389527445,-1.740869964165808,0.2478088681662051,0.9673431077813304,0.5343942686963226,-1.1712036566306219,2.0695781524714794,True,False,False,False,False,False,False,True,False,True,False
-0.19991789145076,0.7939906779707518,-0.3143610735089647,1.1771880858342942,-0.5123419807037305,-0.586144340731908,1.2238765762228119,-1.6201300616775636,-0.3243964441486206,True,False,False,False,False,False,False,True,True,False,False
1.0746987959110006,-0.22712390279244782,-0.6487068930834213,0.3149314303132689,-1.097073402911373,-0.586144340731908,-1.5771452981035512,0.42044450671762645,-0.07186747826042444,True,False,False,False,False,True,False,False,True,False,False
0.22495433766982686,-0.8478013930602756,-0.5818377291685299,-0.44748498088426975,1.3471039419165733,2.5208305562945688,-0.11199539460976124,0.7265306919769049,1.8877572970319778,True,False,False,False,False,True,False,False,False,True,False
-0.9080382733184048,-0.32322880451133734,-0.9007522032241656,0.42838625340814074,1.183379143698433,0.9673431077813304,-1.4047747212219288,1.8896581959621634,0.5544043571423022,False,False,False,True,False,False,True,False,True,False,False
0.22495433766982686,-0.4633817861847179,-0.9316148942618077,0.29677865861808944,-1.541469283789181,-0.586144340731908,-1.5771452981035512,-0.7018715058997281,-0.0011593678117294058,False,False,False,False,True,True,False,False,False,True,False
1.6411951014051165,1.7630484369695536,2.3038238828510105,-0.03450942481893638,0.34136589571942794,-0.586144340731908,0.5918511276568633,0.9305881488164239,-0.7183416309342066,False,False,False,True,False,False,False,True,True,False,False
-0.19991789145076,-1.452461399708288,-0.9058959850637726,-0.8468459581782184,-0.07964072827007498,-0.586144340731908,0.7642217045384857,-0.4978140490602091,1.1806761925450286,False,False,False,False,True,True,False,False,True,False,False
1.6411951014051165,-0.17506708102804977,-0.3092172916693577,0.07440720535214063,1.0781274877010574,0.9673431077813304,0.49130162447591696,1.542760519334981,0.08975105990802107,True,False,False,False,False,False,True,False,True,False,False
0.7914506431639426,0.0892213986988969,1.2184859146939286,-0.9739153600444745,0.10747332683637077,-0.586144340731908,-0.5429218368138171,0.4000387610336746,-0.7334933688874984,True,False,False,False,False,False,False,True,True,False,False
-0.05829381507723105,-0.971936891113841,-0.19605409119800316,-0.928533430806526,0.3062820103869691,-0.586144340731908,-0.313094400971654,-0.3957853206404496,-0.016311105765021212,False,False,True,False,False,False,False,True,True,False,False
-0.4831660441978179,-2.0451082936414395,-0.6075566383665651,-1.7817137004799617,2.0487816485657437,0.9673431077813304,2.5310201175751144,1.7672237218584523,2.4635233392570655,True,False,False,False,False,False,True,False,True,False,False
-0.05829381507723105,1.086309754032374,-0.6795695841210635,1.8306878668607556,-1.5765531691216388,-0.586144340731908,-0.5716502662940874,0.4816617437694823,-0.9910729140934585,False,False,True,False,False,True,False,False,True,False,False
-0.341541967824289,0.0411689478394518,-0.10860979992468378,0.14248009920906388,1.0430436023685985,-0.586144340731908,-0.09763117986962605,-1.4364783505219965,-0.40015513391507945,True,False,False,False,False,False,True,False,True,False,False
0.22495433766982686,-1.4404482869934268,-0.9007522032241656,-0.8377695723306284,1.382187827249031,0.9673431077813304,-1.5771452981035512,-0.17132211811697876,1.8423020831721029,False,False,True,False,False,False,True,False,True,False,False
1.4995710250315875,0.3294836529961196,2.154654209502407,-1.527574896747449,2.2125064467838844,2.5208305562945688,-1.5771452981035512,1.603977756386837,0.6554159434975807,False,False,False,True,False,False,False,True,True,False,False
-0.7664141969448758,-0.39530748080050426,-0.5664063836497089,0.05171624073316635,-0.32522792559728475,-0.586144340731908,-0.614742910514493,0.7061249462929531,-0.10722153348477187,True,False,False,False,False,False,True,False,False,True,False
-1.0496623496919337,-0.7997489422008308,0.6681012578559768,-1.4958075462808849,1.2184630290308907,2.5208305562945688,1.094598643561595,-1.0487691825269105,2.6756476706031496,False,False,False,True,False,False,False,True,True,False,False
-0.7664141969448758,-1.0880636473574994,-0.24749190959407344,-1.0147590963586286,0.3764497810518868,0.9673431077813304,0.9078638519398377,-0.8855232170552951,0.56450551577783,False,True,False,False,False,False,False,True,False,True,False
0.9330747195374717,0.505675972814084,0.272030056206236,0.33308420200844846,1.0664328592569048,-0.586144340731908,0.7785859192786209,1.1346456056559429,-0.3749022373262599,False,False,False,False,True,False,False,True,False,True,False
0.22495433766982686,0.0812126568889889,0.16915441941409542,-0.05720038943791066,0.03730555617145413,-0.586144340731908,-1.0887619969389546,-0.7018715058997281,-0.7385439482052624,False,False,False,True,False,False,False,True,True,False,False
-0.7664141969448758,-0.29920257908161546,-0.6178442020457792,0.20601480014219192,-0.23167089804406188,-0.586144340731908,1.5686177299860566,0.8285594203966644,0.7513769505350951,True,False,False,False,False,True,False,False,False,True,False
0.5082024904168848,-1.4084133197537974,-0.6589944567626355,-1.0147590963586286,1.9435299925683684,0.9673431077813304,-0.7296566284355747,-0.41619106632440145,0.9331978059745965,False,False,False,False,True,False,True,False,False,True,False
-0.05829381507723105,0.03716457693449744,0.11257281917841823,-0.05720038943791066,-0.4187849531505076,-0.586144340731908,0.11783204123240187,1.665194993438693,-0.9910729140934585,False,False,False,True,False,False,False,True,True,False,False
0.9330747195374717,0.3094617984713507,0.13314794653684633,0.23324395768496098,-1.3192713433502765,-0.586144340731908,-0.11199539460976124,-0.8039002343194876,-0.9910729140934585,True,False,False,False,False,False,False,True,True,False,False
-0.9080382733184048,-0.5154386079491163,-0.6384193294042073,-0.020894846047551655,-0.27844941182067334,-0.586144340731908,-0.1981806830505724,1.3591088081794138,-0.4506609270927187,False,False,False,False,True,True,False,False,False,True,False
-0.4831660441978179,-0.7957445712958772,-0.8133079119508461,-0.18426979130416718,0.9494865748153756,-0.586144340731908,1.4106113678445695,-0.45700255769230524,-0.2637894923354535,False,False,False,True,False,False,True,False,False,True,False
-0.6247901205713469,-0.4834036407094865,-0.6847133659606705,0.05625443365696113,1.5225233685788664,2.5208305562945688,-0.7152924136954394,0.15516981282625159,3.094845753977556,True,False,False,False,False,True,False,False,True,False,False
-1.7577827315595784,0.4536191510496853,-0.6127004202061722,1.054656876891833,-0.18489238426745044,-0.586144340731908,-1.5771452981035512,-1.6201300616775636,-0.9910729140934585,True,False,False,False,False,True,False,False,True,False,False
0.22495433766982686,-0.43935556075499577,0.3749056929983766,-0.8286931864830389,1.4991341116905592,0.9673431077813304,0.046010967531725906,-1.6201300616775636,-0.04661458167160482,False,False,False,False,True,False,False,True,True,False,False
0.22495433766982686,0.21736126765741554,0.7401142036104753,-0.4066412445701156,-1.2841874580178176,-0.586144340731908,-0.5141934073335467,-0.37537957495649776,-0.6829875757098591,False,True,False,False,False,False,False,True,True,False,False
-0.05829381507723105,-2.1412131953603293,-0.7875890027528111,-1.7317935783182183,0.5752584646024852,-0.586144340731908,3.766342585226741,0.5428789808213378,0.5392526191890104,False,False,False,False,True,False,True,False,False,True,False
-0.341541967824289,-0.5835129133333297,-0.9367586761014147,0.16517106382803814,0.013916299283147898,-0.586144340731908,0.7067648455779448,-0.742682997267632,0.23116728080541096,True,False,False,False,False,False,True,False,True,False,False
-1.7577827315595784,0.31346616937630506,1.552831734268385,-1.0147590963586286,-0.32522792559728475,-0.586144340731908,-0.6578355547348986,-1.0691749282108622,-0.4506609270927187,False,False,True,False,False,False,False,True,True,False,False
-0.6247901205713469,-0.20309767736272596,-0.9110397669033796,0.5736084269695764,0.17764109750128845,-0.586144340731908,-1.1318546411593602,0.07354683009044426,-0.6526840998032757,False,False,True,False,False,False,True,False,False,True,False
-0.4831660441978179,-0.6876265568621265,-0.8184516937904532,-0.05720038943791066,0.9611812032595293,0.9673431077813304,-1.5771452981035512,0.6040962178731936,1.0998669234608058,True,False,False,False,False,True,False,False,True,False,False
-1.0496623496919337,-1.8969465701581518,-0.8853208577053444,-1.3687381444146285,0.3881444094960394,-0.586144340731908,-0.758385057915845,0.032735338722540246,0.3877352396560927,False,False,True,False,False,False,True,False,True,False,False
-0.341541967824289,1.390641942808857,2.360405483086688,-0.506481488893603,-0.45386883848296544,-0.586144340731908,-0.2843659714913836,-0.27335084653673825,-0.8446061138783048,False,False,False,True,False,False,False,True,False,True,False
0.36657841404335584,-1.660688686765882,-0.8133079119508461,-1.1645194628438595,0.7740671481530835,-0.586144340731908,1.7266240921275438,-1.2120151479985257,1.024108233694347,True,False,False,False,False,True,False,False,False,True,False
2.066067330525703,0.8260256452103824,1.4139496245989955,-0.3113391931704233,-1.0035163753581502,-0.586144340731908,0.9653207109003784,-0.6814657602157763,-0.5466219341302332,False,False,False,True,False,False,False,True,True,False,False
0.0833302612962979,0.7219120016815849,-0.8338830393092742,1.5538580985092687,-0.36031181092974257,-0.586144340731908,-0.011445891428814876,1.4203260452312696,-0.9759211761401667,False,False,False,True,False,True,False,False,False,True,False
0.22495433766982686,1.9472494985974251,1.8717462083240206,0.5554556552743972,-0.9099593478049273,0.9673431077813304,-0.8158419168763859,-1.0079576911590067,-0.5516725134479972,False,False,False,True,False,False,False,True,True,False,False
-0.19991789145076,1.2064408811809861,0.23602358332898693,1.1590353141391152,-0.6409828935894112,-0.586144340731908,-0.08326696512949085,0.27760428692996325,-0.7839991620651376,True,False,False,False,False,False,False,True,True,False,False
-0.19991789145076,0.8019994197806591,-0.6950009296398845,1.5220907480427044,-0.2433655264882145,-0.586144340731908,1.4680682268051102,-1.6201300616775636,-0.7536956861585541,True,False,False,False,False,False,True,False,True,False,False
-0.05829381507723105,0.8620649833549658,1.5219690432307431,-0.3657975082559618,-0.7228452926984814,-0.586144340731908,-0.4567365483730059,0.7265306919769049,-0.8648084311493605,False,False,False,True,False,False,False,True,True,False,False
2.6325636360198192,0.4055667001902409,-0.8750332940261304,1.2316464009198331,1.2886307996958082,0.9673431077813304,-0.12635960934989643,1.2162685883917506,0.625112467590997,True,False,False,False,False,True,False,False,True,False,False
-0.341541967824289,1.1623928012264946,-0.8235954756300601,2.0439829342791147,-1.5765531691216388,-0.586144340731908,-1.5771452981035512,-0.45700255769230524,-0.9456177002335833,True,False,False,False,False,False,True,False,True,False,False
0.22495433766982686,-0.49541675342434777,1.0127346411096474,-1.454963809966731,-0.3837010678180488,-0.586144340731908,-0.15508803883016684,0.7469364376608568,-0.2688400716532174,True,False,False,False,False,False,False,True,True,False,False
-0.19991789145076,0.8780824669747804,0.025128527905098855,0.9729694042635254,2.2592849605604948,0.9673431077813304,0.5631226981765929,-1.6201300616775636,0.4533927707870237,True,False,False,False,False,True,False,False,True,False,False
-1.4745345788125206,-0.13502337197851266,-0.41209292846149825,0.2105529930659867,-0.9801271184698438,-0.586144340731908,-1.203675714860036,-0.5182197947441609,-0.8547072725138326,True,False,False,False,False,True,False,False,True,False,False
1.2163228722845296,-3.2183889687928815,-1.0756407857708044,-2.698428671086526,0.3062820103869691,2.5208305562945688,-0.08326696512949085,1.5835720107028846,3.413032250996683,False,False,True,False,False,False,True,False,True,False,False
0.7914506431639426,0.4335972965249171,1.3470804606841043,-0.6970855916929876,0.6220369783790966,-0.586144340731908,0.6636722013575393,0.9509938945003757,-0.7385439482052624,True,False,False,False,False,False,False,True,False,True,False
0.7914506431639426,0.40156232928528657,-0.04688441784939955,0.49645914726506357,-1.9975597931111417,-0.586144340731908,-1.5771452981035512,1.3591088081794138,-0.6829875757098591,False,False,False,True,False,True,False,False,False,True,False
-1.1912864260654628,-1.0480199383079618,-0.9676213671390568,-0.334030157789398,0.20103035438959366,-0.586144340731908,1.152055502522136,1.5223547736510292,1.165524454591737,False,False,False,True,False,False,True,False,False,True,False
1.4995710250315875,0.21736126765741554,-0.06231576336822052,0.3013168515418842,2.095560162342354,0.9673431077813304,-0.5860144810342227,-0.8447117256873915,0.5493537778245382,False,False,True,False,False,False,True,False,False,True,False
-1.7577827315595784,-0.507429866139209,-0.5303999107724598,-0.1071205115996544,-1.307576714906124,-0.586144340731908,-0.4567365483730059,1.8488467045942596,-0.9910729140934585,False,False,False,True,False,True,False,False,True,False,False
0.5082024904168848,-0.4753948988995792,-0.39151780110307016,-0.19334617715175673,-1.541469283789181,-0.586144340731908,-1.0887619969389546,0.522473235137386,-0.5516725134479972,False,False,True,False,False,True,False,False,True,False,False
2.349315483272761,-1.2162035163160183,-0.9779089308182709,-0.5155578747411926,-0.617593636701106,-0.586144340731908,0.6780364160976745,1.726412230490548,-0.5062172995881219,True,False,False,False,False,True,False,False,False,True,False
-0.7664141969448758,0.894099950594595,-0.10860979992468378,1.109115191977371,0.6571208637115544,2.5208305562945688,0.47693740973578175,-0.27335084653673825,1.089765764825278,True,False,False,False,False,True,False,False,False,True,False
-0.05829381507723105,0.005129609694868318,1.6197008981832761,-1.423196459500167,-0.43047958159466027,-0.586144340731908,-0.9594840642777378,-0.06929338969721927,-0.9456177002335833,False,True,False,False,False,False,False,True,True,False,False
-0.7664141969448758,-0.38729873899059697,-0.7464387480359548,0.21962937891357664,0.8091510334855423,-0.586144340731908,1.1089628583017304,-1.6201300616775636,0.3675329223850369,True,False,False,False,False,False,True,False,True,False,False
-0.05829381507723105,0.49366286009922244,-0.6384193294042073,1.1227297707487562,1.5108287401347118,2.5208305562945688,1.1951481467425416,0.5836904721892417,0.7008711573574559,True,False,False,False,False,True,False,False,True,False,False
-1.3329105024389916,0.22136563856236918,1.2442048238919636,-0.8468459581782184,-0.3837010678180488,-0.586144340731908,0.6062153423969985,-1.6201300616775636,-0.6627852584388034,True,False,False,False,False,False,False,True,True,False,False
0.36657841404335584,1.2625020738503385,0.18458576493291665,1.2679519443101923,-2.617375100651243,-0.586144340731908,-1.5771452981035512,0.6449077092410973,-0.9809717554579307,True,False,False,False,False,True,False,False,False,True,False
-1.1912864260654628,-1.180164178171435,0.8532774040818297,-2.090310819298013,-0.29014404026482593,-0.586144340731908,-0.9020272053171969,1.6243835020707886,-0.051665160989368644,False,False,True,False,False,False,False,True,True,False,False
1.6411951014051165,-1.2682603380804172,-0.9727651489786638,-0.579092575674321,0.3530605241635806,-0.586144340731908,1.2238765762228119,0.35922726966577057,1.2261314064049038,False,True,False,False,False,True,False,False,False,False,True
-1.0496623496919337,0.24539186399209173,0.5395067118658012,-0.1978843700755515,-0.3720064393738962,-0.586144340731908,-0.040174320909085265,-0.43659681200835343,-0.7536956861585541,True,False,False,False,False,False,False,True,False,True,False
-0.4831660441978179,0.03716457693449815,-0.39151780110307016,0.38754251709398696,-0.17319775582329786,-0.586144340731908,-1.1462188558994952,2.134527144169586,-0.7688474241118458,True,False,False,False,False,True,False,False,True,False,False
0.7914506431639426,-1.5886100104767147,-0.5098247834140317,-1.350585372719449,1.861667593459298,0.9673431077813304,-0.34182283045192435,2.27736736395725,1.3170418341246548,True,False,False,False,False,False,True,False,True,False,False
-1.4745345788125206,-0.3592681426559208,-0.5046810015744246,0.03810166196178163,1.2886307996958082,0.9673431077813304,-1.5771452981035512,-0.0896991353811711,0.13520627376789648,True,False,False,False,False,False,False,True,True,False,False
0.0833302612962979,1.1263534630819112,-0.14976005464154002,1.4086359249478326,-0.5825097513686471,-0.586144340731908,-0.41364390415260033,0.5020674894534342,-0.8648084311493605,False,False,False,True,False,False,True,False,True,False,False
1.3579469486580584,0.5417153109586675,-0.31950485534857176,0.8958201245590126,0.9611812032595293,2.5208305562945688,2.0857294606309233,-0.11010488106512292,1.5493684827417948,False,False,False,True,False,False,False,True,True,False,False
0.0833302612962979,-1.2562472253655559,-0.9573338034598428,-0.579092575674321,0.6805101205998606,0.9673431077813304,2.3873779701737625,0.5836904721892417,1.4988626895641557,True,False,False,False,False,False,True,False,True,False,False
0.22495433766982686,-0.1109971465487901,-0.17547896383957504,0.029025276114192075,0.9728758317036819,0.9673431077813304,0.8360427782391616,0.42044450671762645,0.5342020398712464,True,False,False,False,False,True,False,False,True,False,False
0.7914506431639426,1.258497702945384,-0.14976005464154002,1.5583962914330634,-0.36031181092974257,-0.586144340731908,0.7211290603180801,0.6653134549250491,-0.9910729140934585,False,False,False,True,False,True,False,False,False,True,False
-1.4745345788125206,-1.092068018262453,-0.8544581666677022,-0.48379052427462876,2.341147359669565,4.074318004807807,2.0570010311506532,2.0324984157498265,3.9079890241375472,False,False,False,True,False,False,True,False,True,False,False
-1.6161586551860496,-0.13502337197851266,1.0127346411096474,-1.0465264468251925,-1.366049857126888,-0.586144340731908,0.24710997389361863,-1.6201300616775636,-0.5870265686723446,False,False,False,True,False,False,False,True,False,True,False
0.5082024904168848,-0.7436877495314789,-0.3760864555842491,-0.5110196818173978,-0.05625147138176874,-0.586144340731908,-0.08326696512949085,0.012329593038588415,1.2160302477693763,False,True,False,False,False,False,False,True,True,False,False
0.22495433766982686,0.029155835124590163,-0.6538506749230283,0.6099139703599353,-0.05625147138176874,-0.586144340731908,0.9653207109003784,-1.4772898418899003,0.034194687412618024,True,False,False,False,False,True,False,False,False,False,True
0.22495433766982686,-0.6275609932878208,-0.9419024579410217,0.11978913459008919,0.7623725197089309,-0.586144340731908,1.525525085765651,1.542760519334981,-0.9052130656914719,True,False,False,False,False,False,True,False,True,False,False
-0.9080382733184048,-0.42333807713518046,-0.77215765723399,0.20147660721839714,0.1425572121688296,-0.586144340731908,-0.758385057915845,-1.15079791094667,-0.5920771479901085,False,False,False,True,False,False,True,False,False,True,False
0.0833302612962979,-0.7276702659116635,-0.370942673744642,-0.4974051030460131,-0.945043233137385,-0.586144340731908,0.21838154441334826,1.2978915711275583,-0.5062172995881219,False,False,False,False,True,True,False,False,False,True,False
0.22495433766982686,-0.751696491341386,-0.597269074687351,-0.324953771941808,1.1950737721425855,0.9673431077813304,0.9222280666799728,1.4611375365991732,2.0291735179293675,True,False,False,False,False,False,True,False,False,True,False
-0.9080382733184048,2.9042941448813653,1.902608899361663,1.6128546065186022,-0.5825097513686471,-0.586144340731908,0.046010967531725906,-0.13051062674907493,-0.7486451068407901,False,False,False,True,False,False,False,True,True,False,False
1.9244432541521743,0.193335042227693,-0.8853208577053444,1.000198561806294,-1.6818048251190154,-0.586144340731908,-1.4622315801824697,0.4000387610336746,-0.9607694381868749,True,False,False,False,False,True,False,False,True,False,False
0.36657841404335584,1.3425894919494128,0.44177485691326784,1.1318061565963458,-0.5006473522595769,-0.586144340731908,1.5686177299860566,0.2571985412460111,-0.6021783066256364,False,False,True,False,False,False,False,True,False,True,False
-1.4745345788125206,-0.09497966292897483,0.9664406045531844,-0.9603007812730902,-1.5063853984567224,-0.586144340731908,-0.7871134873961154,2.012092670065875,-0.18298022325123073,False,False,False,False,True,False,False,True,False,True,False
0.6498265667904137,-0.018896615734854235,-0.8698895121865233,0.7460597580737818,-0.5006473522595769,-0.586144340731908,-0.313094400971654,-0.7834944886355358,0.02914410809485403,True,False,False,False,False,True,False,False,False,True,False
-1.1912864260654628,0.2614093476119063,-0.5355436926120668,0.7687507226927557,-1.0035163753581502,-0.586144340731908,-1.1031262116790896,0.522473235137386,-0.9910729140934585,True,False,False,False,False,True,False,False,False,True,False
0.7914506431639426,0.28543557304162887,-0.8801770758657375,1.1000388061297814,0.7506778912647772,0.9673431077813304,2.6028411912757905,-0.37537957495649776,-0.3344976027841484,False,False,False,True,False,True,False,False,True,False,False
1.2163228722845296,1.4547118772881167,2.3449741375678665,-0.4202558233415003,-0.3720064393738962,0.9673431077813304,-0.09763117986962605,-1.1303921652627182,-0.1476261680268833,False,True,False,False,False,False,False,True,False,True,False
-1.0496623496919337,1.210445252085939,2.092928827427122,-0.4747141384270388,-1.7636672242280846,-0.586144340731908,-1.2467683590804417,-0.7834944886355358,-0.9910729140934585,False,False,False,True,False,False,False,True,True,False,False
0.9330747195374717,-0.5594866879036071,0.8687087496006509,-1.4005054948811926,1.206768400586738,0.9673431077813304,0.9509564961602432,1.1754570970238467,1.4786603722931,False,False,False,False,True,False,False,True,True,False,False
0.36657841404335584,0.4896584891942688,-0.5818377291685299,1.0682714556632174,-1.4713015131242635,-0.586144340731908,0.6062153423969985,0.7877479290287608,-0.9910729140934585,True,False,False,False,False,True,False,False,True,False,False
0.7914506431639426,-1.3883914652290286,-0.586981511008137,-1.0556028326727824,1.0430436023685985,2.5208305562945688,0.0603751822718611,1.5223547736510292,1.9635159867984366,True,False,False,False,False,False,False,True,True,False,False
2.066067330525703,-0.28718946636675385,0.4057683840360188,-0.6834710129216028,-0.407090324706354,-0.586144340731908,0.9222280666799728,0.44085025240157827,0.1503580117211883,True,False,False,False,False,False,False,True,True,False,False
-0.341541967824289,0.7799753798034138,-0.3889459101832667,1.2271082079960376,-0.5942043798127997,-0.586144340731908,-1.0743977821988193,0.2980100326139151,-0.08196863689595225,False,False,False,True,False,True,False,False,True,False,False
-1.0496623496919337,0.822021274305428,-0.5252561289328528,1.3950213461764482,0.08408406994806557,-0.586144340731908,-0.8158419168763859,-0.4978140490602091,-0.9910729140934585,False,False,False,True,False,True,False,False,False,True,False
-1.1912864260654628,-0.9959631165435635,-0.9624775852994498,-0.2795718427038595,0.8793188041504589,-0.586144340731908,-1.5771452981035512,-1.0895806738948142,0.01399237014156222,False,False,False,True,False,True,False,False,True,False,False
-1.0496623496919337,0.517689085528945,1.3162177696464619,-0.5745543827505258,0.996265088591987,-0.586144340731908,-1.5771452981035512,-0.5590312861120648,0.4382410328337319,False,False,False,True,False,False,False,True,False,True,False
-0.19991789145076,0.3775361038555647,-0.4429556194991403,0.8186708448544998,-0.19658701271160306,-0.586144340731908,1.6404388036867326,0.42044450671762645,-0.5718748307190528,True,False,False,False,False,True,False,False,True,False,False
0.22495433766982686,-0.4193337062302268,-0.9264711124222007,0.342160587856038,0.5518692077141789,-0.586144340731908,1.6691672331670029,0.33882152398181875,0.46854450874031534,True,False,False,False,False,False,True,False,True,False,False
0.22495433766982686,0.8740780960698268,0.8687087496006509,0.22416757183737143,-0.7111506642543288,-0.586144340731908,-0.1981806830505724,-0.15091637243302675,-0.9910729140934585,False,False,False,True,False,False,False,True,False,True,False
0.7914506431639426,-1.977033988257226,-1.0242029673747342,-1.3369707939480644,1.1599898868101275,-0.586144340731908,2.0570010311506532,-0.028481898329315424,1.2968395168535987,False,False,False,False,True,True,False,False,True,False,False
-0.05829381507723105,0.577754649103251,1.7740143533714874,-0.9103806591113465,0.21272498283374625,-0.586144340731908,-0.37055125993219473,3.2568431567869407,-0.9910729140934585,False,False,True,False,False,False,False,True,True,False,False
1.4995710250315875,-0.18708019374291068,-0.32464863718817877,0.07440720535214063,0.17764109750128845,-0.586144340731908,-0.21254489779070762,0.5632847265052896,-0.11227211280253586,False,False,False,False,True,False,False,True,True,False,False
-0.4831660441978179,-0.35125940084601354,0.1434355102160604,-0.5246342605887826,-1.518080026900875,-0.586144340731908,0.017282538051455514,0.6449077092410973,0.5241008812357185,False,True,False,False,False,False,False,True,True,False,False
2.915811788766877,2.9323247412160414,0.4160559477152326,2.956159711961884,-0.6760667789218701,-0.586144340731908,-0.6865639842151691,-0.4978140490602091,-0.9910729140934585,False,False,False,True,False,False,False,True,False,False,True
0.6498265667904137,-1.7928329266293548,-0.8390268211488813,-1.2915888647101157,1.2418522859191978,0.9673431077813304,0.11783204123240187,0.33882152398181875,1.3978511032088772,True,False,False,False,False,True,False,False,True,False,False
-1.0496623496919337,0.3374923948060276,-0.2372043459148594,0.5917611986647563,-0.8164023202517043,-0.586144340731908,0.936592281420108,0.5428789808213378,-0.23348601642886996,True,False,False,False,False,True,False,False,False,True,False
-1.3329105024389916,-0.6756134441472655,-0.6487068930834213,-0.19334617715175673,-0.9567378615815386,-0.586144340731908,0.14656047071267228,0.4612559980855301,-0.5769254100368169,True,False,False,False,False,True,False,False,True,False,False
0.36657841404335584,-0.8478013930602756,-0.8750332940261304,-0.18880798422796194,1.838278336570993,0.9673431077813304,0.8360427782391616,-1.6201300616775636,1.2564348823114875,False,False,False,True,False,False,True,False,False,True,False
-0.341541967824289,-0.7957445712958772,-0.9521900216202357,-0.06173858236170544,0.8442349188180002,-0.586144340731908,1.1089628583017304,-1.6201300616775636,0.625112467590997,False,False,True,False,False,False,True,False,False,True,False
0.6498265667904137,1.55482114991196,0.15886685573488138,1.621930992366192,-0.7813184349192455,-0.586144340731908,0.002918323311320319,-1.2528266393664296,-0.9809717554579307,False,False,False,True,False,True,False,False,False,True,False
0.36657841404335584,0.8100081615905664,0.34918678380034135,0.6099139703599353,-1.330965971794429,-0.586144340731908,-1.2180399296001714,-0.11010488106512292,-0.9910729140934585,False,False,False,True,False,False,True,False,True,False,False
-0.19991789145076,0.6858726635370014,2.1752293368608346,-1.1418284982248847,-1.0269056322464554,-0.586144340731908,-1.5771452981035512,-0.028481898329315424,0.4533927707870237,True,False,False,False,False,False,False,True,True,False,False
-1.0496623496919337,1.2945370410899677,2.319255228369832,-0.579092575674321,0.6220369783790966,-0.586144340731908,-0.2700017567512484,0.9305881488164239,-0.9910729140934585,True,False,False,False,False,False,False,True,True,False,False
-0.6247901205713469,0.4616278928595926,-0.7001447114794916,1.1408825424439353,-0.7111506642543288,-0.586144340731908,-0.12635960934989643,-0.9263347084231991,-0.9910729140934585,False,False,False,True,False,True,False,False,False,True,False
0.7914506431639426,-0.8077576840107384,-0.7670138753943829,-0.23872810638970568,0.9494865748153756,0.9673431077813304,0.11783204123240187,1.5631662650189329,0.8321862196193179,False,False,True,False,False,False,True,False,False,True,False
0.0833302612962979,-0.6796178150522192,0.01998474606549194,-0.7878494501688851,-0.3953956962622014,-0.586144340731908,2.660298050236331,0.2980100326139151,-0.17792964393346672,True,False,False,False,False,False,False,True,True,False,False
-1.4745345788125206,0.5457196818636204,-0.8544581666677022,1.3723303815574737,1.1015167445893637,-0.586144340731908,-1.5771452981035512,0.5632847265052896,-0.9910729140934585,False,False,False,True,False,False,True,False,False,True,False
0.0833302612962979,0.7139032598716776,0.930434131675935,-0.011818460199962107,1.0196543454802933,0.9673431077813304,-1.5771452981035512,1.7060064848065966,-0.016311105765021212,False,False,True,False,False,False,False,True,False,True,False
0.36657841404335584,-1.2762690798903245,-0.8338830393092742,-0.7107001704643724,0.21272498283374625,-0.586144340731908,0.5487584834364577,-1.2120151479985257,0.034194687412618024,False,False,False,False,True,False,True,False,True,False,False
-1.1912864260654628,0.7659600816360764,0.22573601964977286,0.668910478369269,-0.9684324900256912,-0.586144340731908,-0.6865639842151691,-0.43659681200835343,-0.6072288859434003,False,False,True,False,False,False,False,True,True,False,False
0.0833302612962979,-0.3832943680856433,0.7966958038461525,-1.13729030530109,-2.2197577335500465,-0.586144340731908,0.31893104759429464,-0.4774083033762573,0.5544043571423022,False,False,True,False,False,False,False,True,False,True,False
-0.05829381507723105,1.046266044982837,-0.8338830393092742,1.9214517253366534,-1.787056481116391,-0.586144340731908,0.27583840337388904,-1.6201300616775636,-0.950668279551347,True,False,False,False,False,True,False,False,False,True,False
-1.4745345788125206,-0.04292284116457679,-0.2989297279901436,0.21509118598978147,-1.2958820864619713,-0.586144340731908,1.1376912877820007,-0.2121336094848824,-0.9910729140934585,True,False,False,False,False,True,False,False,False,True,False
0.22495433766982686,1.1023272376521887,2.499287592756078,-0.9557625883492951,-0.27844941182067334,-0.586144340731908,-1.5771452981035512,0.8693709117645682,-0.24358717506439778,False,False,False,True,False,False,False,True,True,False,False
0.5082024904168848,-1.180164178171435,-0.8287392574696673,-0.6063217332170902,0.3179766388311217,0.9673431077813304,-0.37055125993219473,0.8081536747127126,0.3978363982916205,True,False,False,False,False,True,False,False,False,True,False
1.0746987959110006,-0.1590495974082345,-0.5406874744516739,0.29677865861808944,-1.038600260690608,-0.586144340731908,0.43384476551537615,0.9918053858682798,0.49379740532913496,True,False,False,False,False,False,True,False,True,False,False
1.0746987959110006,-0.5314560915689313,-0.6847133659606705,0.0017961185714226214,0.11916795528052337,-0.586144340731908,0.8647712077194321,-0.11010488106512292,0.25136959807646675,True,False,False,False,False,True,False,False,True,False,False
-1.7577827315595784,0.657842067202326,-0.6795695841210635,1.3451012240147049,0.09577869839221817,-0.586144340731908,1.8846304542690306,-0.9875519454750546,-0.6779369963920953,True,False,False,False,False,True,False,False,True,False,False
-1.1912864260654628,-0.12301025926365103,-0.7978765664320251,0.5645320411219867,0.5050906939375674,-0.586144340731908,0.8504069929792968,1.0530226229201354,0.32207770852516165,True,False,False,False,False,True,False,False,False,True,False
0.5082024904168848,-0.6956352986720341,-0.7618700935547759,-0.11619689744724394,-1.366049857126888,-0.586144340731908,0.03164675279159071,-0.31416233790464193,-0.9910729140934585,False,False,False,True,False,True,False,False,False,True,False
0.5082024904168848,0.7419338562063538,2.7153264300195725,-1.5548040542902182,-0.34861718248559,-0.586144340731908,-1.117490426419225,0.31841577829786694,-0.49611614095259393,False,False,False,True,False,False,False,True,False,True,False
0.5082024904168848,0.8420431288301969,-0.3297924190277858,1.2452609796912175,-1.5648585406774862,-0.586144340731908,-0.8014777021362506,0.5020674894534342,-0.9910729140934585,True,False,False,False,False,True,False,False,True,False,False
4.190428476128638,0.816014717947998,-0.3889459101832667,1.2679519443101923,0.6337316068232491,-0.586144340731908,-0.7727492726559803,1.6243835020707886,-0.9910729140934585,False,False,False,True,False,False,False,True,False,True,False
0.5082024904168848,1.1704015430364025,2.3346865738886526,-0.7333911350833466,0.3179766388311217,-0.586144340731908,0.347659477074565,0.4612559980855301,-0.8244037966072489,False,False,True,False,False,False,False,True,True,False,False
1.2163228722845296,0.8460474997351506,-0.8441706029884882,1.7036184649944994,-1.0502948891347614,-0.586144340731908,0.0603751822718611,-1.5997243159936119,-0.6627852584388034,True,False,False,False,False,True,False,False,False,True,False
0.9330747195374717,-1.5045182214726869,0.7143952944124401,-2.3353732371829365,0.08408406994806557,0.9673431077813304,-1.045669352718549,-0.7018715058997281,0.9685518611989437,True,False,False,False,False,False,False,True,True,False,False
0.6498265667904137,-0.6876265568621265,-0.576693947328923,-0.2704954568562695,-0.021167586049309902,-0.586144340731908,-0.34182283045192435,1.0938341142880392,-0.026412264400549022,True,False,False,False,False,True,False,False,True,False,False
-0.4831660441978179,0.14127822046329494,-0.8904646395449515,0.945740246720756,-2.1495899628851287,-0.586144340731908,0.7498574897983504,0.21638704987810742,-0.693088734345387,False,False,True,False,False,True,False,False,True,False,False
0.7914506431639426,0.8340343870202896,1.28535507860882,-0.18880798422796194,0.07238944150391194,-0.586144340731908,0.13219625597253706,-0.742682997267632,-0.3344976027841484,True,False,False,False,False,False,False,True,True,False,False
-1.0496623496919337,-2.2213006134594036,-0.8647457303469164,-1.7544845429371925,0.6922047490440132,2.5208305562945688,0.9078638519398377,0.9101824031324721,2.93322721580911,True,False,False,False,False,True,False,False,False,True,False
-0.341541967824289,2.539896392530576,-0.05717198152861361,2.9289305544191144,-0.17319775582329786,-0.586144340731908,-0.2556375420111132,-0.8039002343194876,-0.9304659622802914,True,False,False,False,False,True,False,False,True,False,False
-0.6247901205713469,1.0422616740778832,-0.7824452209132039,1.87153160317491,-1.4713015131242635,-0.586144340731908,1.2956976499234878,-0.11010488106512292,-0.18803080256899463,True,False,False,False,False,False,True,False,True,False,False
-0.05829381507723105,0.03716457693449815,-0.6281317657249933,0.596299391588551,-0.5357312375920357,-0.586144340731908,0.14656047071267228,0.8489651660806162,-0.2587389130176896,False,False,True,False,False,True,False,False,False,True,False
2.49093955964629,-0.6235566223828668,-0.8853208577053444,0.07440720535214063,-0.8748754624724684,-0.586144340731908,-0.21254489779070762,-0.7834944886355358,0.48369624669360717,True,False,False,False,False,False,True,False,True,False,False
0.6498265667904137,-1.4164220615637046,-0.11889736360389784,-1.50034573920468,-0.3720064393738962,-0.586144340731908,0.5056658392160521,-0.3345680835885939,0.630163046908761,False,False,True,False,False,False,False,True,False,True,False
-0.6247901205713469,-0.35125940084601354,-0.6589944567626355,0.18332383552321765,-0.48895272381542426,-0.586144340731908,-0.2269091125308428,1.9100639416461156,0.18066148762777173,True,False,False,False,False,False,True,False,True,False,False
1.0746987959110006,0.11324762412861875,-0.7207198388379197,0.7642125297689609,0.21272498283374625,-0.586144340731908,-0.2556375420111132,-1.6201300616775636,-0.20823311984005036,False,False,True,False,False,True,False,False,False,True,False
-0.05829381507723105,-0.6475828478125893,-0.586981511008137,-0.216037141770731,-0.021167586049309902,0.9673431077813304,-1.3185894327811176,0.21638704987810742,1.1907773511805566,True,False,False,False,False,False,True,False,False,True,False
-1.3329105024389916,-0.3913031098955506,-0.18062274567918207,-0.28411003562765424,-1.061989517578914,-0.586144340731908,-1.0025767084981434,0.9509938945003757,-0.03651342303607701,True,False,False,False,False,False,True,False,True,False,False
-0.9080382733184048,0.18933067132273934,0.06627878262195509,0.15609467798044818,-0.2550601549323671,-0.586144340731908,0.6493079866174041,0.6449077092410973,-0.7031898929809149,True,False,False,False,False,False,False,True,True,False,False
0.6498265667904137,1.1263534630819119,2.159797991342014,-0.6290126978360644,0.17764109750128845,-0.586144340731908,-0.05453853564922046,-0.6610600145318243,-0.9910729140934585,True,False,False,False,False,False,False,True,False,True,False
-0.9080382733184048,0.6418245835825107,-0.48924965605560355,1.1590353141391152,-1.424522999347652,-0.586144340731908,-0.16945225357030202,-0.9875519454750546,-0.556723092765761,False,False,False,True,False,True,False,False,False,True,False
0.0833302612962979,-0.6115435096680059,-0.7567263117151689,-0.025433038971346432,1.08982211614521,0.9673431077813304,0.3620236918147002,0.8693709117645682,0.02409352877709021,False,False,True,False,False,True,False,False,False,True,False
-0.05829381507723105,-1.136116098216944,-0.9727651489786638,-0.42933220918909026,-0.2433655264882145,-0.586144340731908,0.24710997389361863,1.2774858254436061,-0.1577273266624111,False,False,True,False,False,False,True,False,False,True,False
-0.9080382733184048,-0.711652782291849,-0.6384193294042073,-0.24326629931350047,-0.1615031273791442,-0.586144340731908,1.2669692204432175,-0.9875519454750546,-0.31934586483085664,False,False,False,True,False,False,True,False,False,True,False
2.349315483272761,0.47764537647940786,0.4674937661113029,0.12886552043767913,0.5401745792700263,-0.586144340731908,0.0603751822718611,-1.4772898418899003,-0.4809644029993022,False,False,True,False,False,False,False,True,True,False,False
0.6498265667904137,0.45762352195463896,1.6454198073813118,-0.9330716237303207,-0.7111506642543288,-0.586144340731908,-1.5771452981035512,0.032735338722540246,-0.9910729140934585,False,False,False,True,False,False,False,True,True,False,False
0.0833302612962979,0.5417153109586675,-0.6384193294042073,1.1771880858342942,-0.4655634669271191,0.9673431077813304,0.17528890019294266,-0.3345680835885939,-0.19308138188675852,True,False,False,False,False,True,False,False,False,True,False
-0.9080382733184048,-0.1310190010735583,-0.8853208577053444,0.63260493497891,0.1659464690571348,-0.586144340731908,-0.7009281989553042,0.6040962178731936,-0.9910729140934585,False,False,False,True,False,False,True,False,True,False,False
0.7914506431639426,0.0011252387899139658,-0.9007522032241656,0.7959798802355251,-2.1028114491085175,-0.586144340731908,-1.3042252180409823,-0.13051062674907493,-0.4607620857282465,False,False,True,False,False,True,False,False,False,True,False
-1.0496623496919337,-0.7957445712958768,-0.5201123470932457,-0.4429467879604746,-1.3894391140151943,-0.586144340731908,0.43384476551537615,-1.6201300616775636,0.8826920127969572,False,False,True,False,False,True,False,False,False,True,False
-0.19991789145076,-0.5114342370441627,0.15372307389527445,-0.7152383633881672,0.8442349188180002,0.9673431077813304,-0.09763117986962605,-1.1303921652627182,0.33217886716068945,True,False,False,False,False,False,False,True,False,True,False
0.5082024904168848,-0.8718276184899981,-0.7618700935547759,-0.31587738609421845,1.4523555979139489,0.9673431077813304,1.7122598773874085,0.42044450671762645,2.094831049060299,False,False,False,True,False,True,False,False,True,False,False
0.7914506431639426,0.5417153109586675,-0.8390268211488813,1.3541776098622946,-0.9684324900256912,-0.586144340731908,-0.5141934073335467,-0.31416233790464193,-0.45571150641048264,True,False,False,False,False,True,False,False,False,True,False
-1.4745345788125206,0.43760166742987006,-0.8698895121865233,1.2634137513863966,-0.4772580953712717,-0.586144340731908,-1.0887619969389546,-1.6201300616775636,-0.9910729140934585,True,False,False,False,False,True,False,False,True,False,False
-0.4831660441978179,-0.09497966292897483,2.308967664690618,-2.144769134383552,0.34136589571942794,0.9673431077813304,0.8073143487588913,-1.6201300616775636,0.9786530198344717,False,True,False,False,False,False,False,True,False,True,False
-0.6247901205713469,-0.2351326446023558,-0.19091030935839612,-0.09804412575206443,0.7623725197089309,0.9673431077813304,0.8647712077194321,0.07354683009044426,1.1402715580029175,True,False,False,False,False,False,True,False,True,False,False
-0.9080382733184048,0.43760166742987006,0.1794419830933095,0.3376223949322432,-2.1028114491085175,-0.586144340731908,-0.05453853564922046,1.338703062495462,-0.47591382368153834,True,False,False,False,False,False,True,False,True,False,False
1.9244432541521743,0.22937438037227645,1.8254521717675574,-1.350585372719449,-0.7111506642543288,0.9673431077813304,0.6493079866174041,0.15516981282625159,0.10995337717907688,True,False,False,False,False,False,False,True,False,True,False
0.36657841404335584,1.462720619098024,1.8717462083240206,0.006334311495217396,-0.8631808340283158,-0.586144340731908,-0.41364390415260033,0.6449077092410973,-0.8193532172894852,True,False,False,False,False,False,False,True,True,False,False
-1.6161586551860496,0.8620649833549658,1.3933744972405675,-0.25234268516109,0.20103035438959366,-0.586144340731908,-0.11199539460976124,-0.3957853206404496,-0.9910729140934585,True,False,False,False,False,False,False,True,True,False,False
0.9330747195374717,-1.6686974285757894,-0.9213273305825936,-1.0782937972917568,3.206549864536876,2.5208305562945688,1.4967966562853807,-1.109986419578766,3.2413125541927092,False,False,False,True,False,True,False,False,False,True,False
2.207691406899232,1.8511445968785358,-0.7258636206775266,2.73832645161973,-0.7813184349192455,-0.586144340731908,0.2614741886337538,-0.15091637243302675,-0.9052130656914719,True,False,False,False,False,True,False,False,False,True,False
1.0746987959110006,0.30545742756639777,-0.7978765664320251,1.050118683968038,-1.307576714906124,-0.586144340731908,-0.2700017567512484,0.4000387610336746,-0.4355091891394269,True,False,False,False,False,True,False,False,False,True,False
-0.6247901205713469,0.0892213986988969,-0.8956084213845585,0.8912819316352179,1.206768400586738,0.9673431077813304,-1.5771452981035512,-1.6201300616775636,1.0493611302831665,True,False,False,False,False,True,False,False,False,True,False
1.3579469486580584,0.24939623489704538,-0.5355436926120668,0.7551361439213714,0.1659464690571348,-0.586144340731908,1.9995441721901122,-0.5794370317960168,-0.9708705968224028,True,False,False,False,False,True,False,False,True,False,False
-0.9080382733184048,-2.641759558479545,-1.0704970039311972,-2.0494670829838593,0.29458738194281653,2.5208305562945688,-1.275496788560712,-0.31416233790464193,3.49889209939867,False,False,False,False,True,True,False,False,True,False,False
0.36657841404335584,-0.06694906659429864,-0.6178442020457792,0.4692299897222945,1.0196543454802933,-0.586144340731908,-0.6865639842151691,0.5428789808213378,-0.8496566931960686,False,False,False,True,False,False,True,False,True,False,False
0.7914506431639426,-0.05894032478439135,0.3749056929983766,-0.397564858722526,0.7740671481530835,0.9673431077813304,-0.06890275038935566,1.0938341142880392,0.7059217366752198,False,False,False,False,True,False,False,True,False,True,False
-1.1912864260654628,-0.4834036407094865,-0.21148543671682424,-0.36125931533216704,-0.793013063363398,0.9673431077813304,-0.18381646831043721,-0.41619106632440145,0.5897584123666496,True,False,False,False,False,True,False,False,False,True,False
-0.19991789145076,2.0593718839361292,0.10228525549920417,2.243663422926089,-0.5006473522595769,-0.586144340731908,0.47693740973578175,-0.538625540428113,0.03924526673038184,False,False,False,True,False,False,False,True,True,False,False
-1.3329105024389916,-0.07095343749925298,-0.7824452209132039,0.6099139703599353,1.08982211614521,-0.586144340731908,0.13219625597253706,0.8489651660806162,-0.885010748420416,True,False,False,False,False,False,True,False,False,True,False
-0.4831660441978179,-0.3832943680856433,-0.4018053647822842,-0.07989135405688494,0.11916795528052337,-0.586144340731908,-0.6003786957743579,0.07354683009044426,-0.9910729140934585,False,False,False,True,False,True,False,False,True,False,False
-1.4745345788125206,-0.43535118985004173,-0.6795695841210635,0.10617455581870486,-0.20828164115575565,-0.586144340731908,0.23274575915348344,0.5836904721892417,0.6150113089554692,True,False,False,False,False,False,True,False,False,True,False
1.7828191777786453,0.07720828598403527,2.005484536153803,-1.6818734561564748,1.3237146850282682,0.9673431077813304,-0.06890275038935566,0.13476406714229974,0.4382410328337319,True,False,False,False,False,False,False,True,True,False,False
-1.7577827315595784,0.06519517326917364,0.1794419830933095,-0.08442954698067971,-1.2491035726853599,-0.586144340731908,-0.09763117986962605,0.11435832145834791,-0.9910729140934585,True,False,False,False,False,False,False,True,False,True,False
-0.6247901205713469,1.0062223359332998,-0.8338830393092742,1.876069796098705,-0.021167586049309902,-0.586144340731908,-0.8876629905770618,-0.15091637243302675,-0.17792964393346672,False,False,False,True,False,True,False,False,True,False,False
0.0833302612962979,-1.1561379527417124,-0.9419024579410217,-0.47925233135083356,-0.7111506642543288,-0.586144340731908,-0.34182283045192435,0.27760428692996325,-0.011260526447257396,False,False,True,False,False,True,False,False,False,True,False
1.4995710250315875,-0.010887873924946955,0.272030056206236,-0.25234268516109,1.183379143698433,0.9673431077813304,0.2902026181140242,0.44085025240157827,0.6150113089554692,False,True,False,False,False,False,False,True,False,True,False
-1.7577827315595784,-1.2682603380804167,0.7606893309689035,-2.108463590993193,0.2244196112778999,-0.586144340731908,1.0515059993411895,1.4815432822831252,0.5038985639646629,False,False,False,False,True,False,False,True,False,True,False
1.2163228722845296,0.43760166742987006,1.5065376977119218,-0.8332313794068337,1.1599898868101275,0.9673431077813304,-0.7152924136954394,0.5020674894534342,0.20591438421659136,True,False,False,False,False,False,False,True,False,True,False
-0.05829381507723105,0.6137939872478337,-0.8596019485073093,1.4540178541857811,0.2478088681662051,2.5208305562945688,-1.0887619969389546,-1.4772898418899003,1.2362325650404318,False,False,False,True,False,False,True,False,False,True,False
-1.1912864260654628,1.3425894919494128,1.57855064346642,0.12886552043767913,-1.7753618526722372,-0.586144340731908,0.18965311493307785,-0.04888764401326725,-0.9910729140934585,True,False,False,False,False,False,False,True,False,True,False
0.36657841404335584,4.057552965508038,5.060890948880375,0.1334037133614739,-0.36031181092974257,-0.586144340731908,-0.973848279017873,-1.6201300616775636,-0.9910729140934585,False,False,False,True,False,False,False,True,True,False,False
0.0833302612962979,0.36151862023574943,-0.5612626018101019,0.9048965104066021,1.358798570360726,0.9673431077813304,0.6780364160976745,-1.4568840962059484,-0.34964934073744025,False,False,False,True,False,False,False,True,False,True,False
-0.7664141969448758,-1.8288722647739382,-0.597269074687351,-1.5457276684426284,1.627775024576242,2.5208305562945688,-0.6434713399947635,0.37963301534972277,3.0746434367065,True,False,False,False,False,True,False,False,False,True,False
-0.05829381507723105,0.6017808745329728,2.0569223545498736,-1.1327521123772952,-0.9216539762490799,-0.586144340731908,-1.5771452981035512,-0.3957853206404496,-0.8042014793361933,True,False,False,False,False,False,False,True,True,False,False
-0.6247901205713469,-0.7196615241017562,-0.7875890027528111,-0.12073509037103872,0.03730555617145413,-0.586144340731908,-0.4998291925934115,-1.1916094023145736,0.34733060511398123,True,False,False,False,False,True,False,False,False,True,False
-0.05829381507723105,0.0131383515047756,0.7246828580916541,-0.6244745049122696,0.18933572594544104,-0.586144340731908,-0.8589345610967914,-0.4774083033762573,-0.34459876141967627,True,False,False,False,False,False,False,True,False,True,False
0.6498265667904137,0.18933067132273934,-0.48410587421599655,0.6416813208264995,-0.6292882651452586,0.9673431077813304,-0.16945225357030202,-0.45700255769230524,0.7867310057594428,True,False,False,False,False,False,True,False,False,True,False
1.6411951014051165,2.0233325457915456,2.519862720114505,0.06986901242834585,0.8910134325946115,0.9673431077813304,-1.0743977821988193,-0.946740454107151,-0.46581266504601043,True,False,False,False,False,False,False,True,True,False,False
-1.4745345788125206,-1.3803827234191213,-0.370942673744642,-1.237130549624577,0.6805101205998606,0.9673431077813304,0.8791354224595672,1.1142398599719912,0.9988553371055273,False,True,False,False,False,True,False,False,True,False,False
2.349315483272761,-2.641759558479545,-0.9830527126578779,-2.126616362688372,-1.120462659799678,-0.586144340731908,0.31893104759429464,1.665194993438693,0.4432916121514957,True,False,False,False,False,False,True,False,False,False,True
-0.341541967824289,0.0892213986988962,0.7195390762520472,-0.5337106464363721,-0.33692255404143734,-0.586144340731908,0.03164675279159071,-0.43659681200835343,-0.3092447061953288,False,False,False,True,False,False,False,True,True,False,False
0.5082024904168848,1.4787381027178392,0.22059223781016574,1.4812470117285506,-0.617593636701106,-0.586144340731908,-0.18381646831043721,-1.6201300616775636,-0.6678358377565674,True,False,False,False,False,True,False,False,True,False,False
0.22495433766982686,0.46563226376454625,-0.8698895121865233,1.2951811018529609,-0.4655634669271191,-0.586144340731908,-0.1981806830505724,0.9305881488164239,-0.9910729140934585,True,False,False,False,False,True,False,False,False,True,False
-0.7664141969448758,1.0542747867927442,0.3234678746023063,0.9094347033303969,0.29458738194281653,-0.586144340731908,0.16092468545280747,-0.17132211811697876,-0.22338485779334216,False,False,False,True,False,True,False,False,True,False,False
-0.341541967824289,0.28543557304162887,0.15886685573488138,0.18332383552321765,0.9494865748153756,0.9673431077813304,-0.9594840642777378,-0.538625540428113,0.5544043571423022,False,False,False,True,False,False,True,False,False,True,False
-0.6247901205713469,-1.60462749409653,-0.6744258022814564,-1.2235159708531929,0.9728758317036819,-0.586144340731908,1.6404388036867326,0.9713996401843276,0.7968321643949704,True,False,False,False,False,True,False,False,True,False,False
-0.7664141969448758,-0.0629446956893457,-0.9058959850637726,0.727906986378602,-0.29014404026482593,-0.586144340731908,-0.34182283045192435,-0.13051062674907493,-0.4153068718683712,True,False,False,False,False,True,False,False,True,False,False
0.7914506431639426,0.834034387020289,-0.5303999107724598,1.4131741178716275,-0.27844941182067334,-0.586144340731908,-1.5484168686232809,-0.9875519454750546,-0.89006132773818,True,False,False,False,False,False,True,False,True,False,False
0.22495433766982686,-1.4764876251380108,-0.9727651489786638,-0.8150786077116542,0.7389832628206247,0.9673431077813304,0.43384476551537615,0.5428789808213378,1.0645128682364586,False,False,False,False,True,True,False,False,False,True,False
-0.9080382733184048,0.5377109400537132,1.3522242425237112,-0.5836307685981158,-1.0035163753581502,-0.586144340731908,-1.1031262116790896,-1.2528266393664296,-0.7890497413829015,False,False,False,True,False,False,False,True,True,False,False
0.9330747195374717,0.701890147156816,-0.8544581666677022,1.5493199055854738,0.36475515260773317,-0.586144340731908,0.47693740973578175,-0.41619106632440145,-0.026412264400549022,True,False,False,False,False,True,False,False,True,False,False
0.22495433766982686,-0.6636003314324043,-0.34522376454660686,-0.44748498088426975,0.7974564050413887,0.9673431077813304,2.2868284669928163,-0.2121336094848824,-0.07691805757818826,False,False,False,False,True,False,True,False,True,False,False
0.7914506431639426,0.43760166742987006,0.21030467413095166,0.3103932373894738,1.3704931988048785,-0.586144340731908,-0.9307556347974674,-0.13051062674907493,-0.5365207754947053,True,False,False,False,False,False,False,True,False,True,False
0.6498265667904137,-1.056028680117869,-0.8544581666677022,-0.4429467879604746,1.74472130901777,-0.586144340731908,0.5056658392160521,0.13476406714229974,0.8725908541614292,True,False,False,False,False,True,False,False,False,True,False
-1.0496623496919337,-0.1670583392181425,0.488068893469731,-0.6199363119884749,-0.5942043798127997,-0.586144340731908,-1.5771452981035512,1.542760519334981,-0.7435945275230262,True,False,False,False,False,False,False,True,True,False,False
-0.7664141969448758,0.8060037906856135,-0.7155760569983126,1.5447817126616792,0.4115336663843446,-0.586144340731908,0.16092468545280747,-0.31416233790464193,-0.8092520586539572,True,False,False,False,False,True,False,False,True,False,False
0.6498265667904137,-0.19508893555281798,0.23087980148937978,-0.42479401626529506,-0.6877614073660226,-0.586144340731908,-0.9020272053171969,-1.6201300616775636,-0.4506609270927187,False,True,False,False,False,False,False,True,False,True,False
0.5082024904168848,0.5297021982438059,-0.8647457303469164,1.3632539957098841,0.5167853223817211,0.9673431077813304,-0.8014777021362506,-1.6201300616775636,0.054397004683673644,True,False,False,False,False,True,False,False,True,False,False
-0.19991789145076,-0.8878451021098127,-0.6281317657249933,-0.45202317380806456,-0.05625147138176874,-0.586144340731908,-1.0169409232382784,0.053141084406492074,-0.48601498231706614,False,False,True,False,False,True,False,False,True,False,False
-0.05829381507723105,1.4386943936683014,-0.26806703695250156,1.8669934102511145,-1.5297746553450275,-0.586144340731908,0.3332952623344298,-1.2324208936824776,-0.4506609270927187,False,False,False,True,False,False,False,True,True,False,False
1.3579469486580584,0.4135754420001482,-0.2526356914336805,0.6916014429882429,0.2478088681662051,-0.586144340731908,0.9078638519398377,-0.2937565922206901,-0.5819759893545807,False,False,False,True,False,True,False,False,True,False,False
-0.7664141969448758,0.5617371654834364,-0.17033518199996803,0.7869034943879356,-2.7577106419810775,-0.586144340731908,-0.2269091125308428,-0.4978140490602091,-0.5163184582236496,False,False,False,True,False,False,True,False,True,False,False
0.5082024904168848,-0.507429866139209,-0.4223804921407123,-0.2024225629993467,-1.3192713433502765,-0.586144340731908,-0.8158419168763859,-0.4774083033762573,-0.24358717506439778,True,False,False,False,False,False,True,False,True,False,False
-0.341541967824289,-0.2351326446023558,0.3903370385171976,-0.6108599261408849,-0.03286221449346354,0.9673431077813304,1.5542535152459214,-1.6201300616775636,1.0089564957410553,True,False,False,False,False,False,False,True,True,False,False
-0.341541967824289,-0.507429866139209,0.704107730733226,-1.1962868133104234,0.32967126727527535,0.9673431077813304,-0.7440208431757098,-0.45700255769230524,-0.03146284371831302,False,False,True,False,False,False,False,True,False,True,False
1.0746987959110006,-0.19108456464786505,0.49835645714894505,-0.6562418553788338,-0.11472461360253278,-0.586144340731908,-1.5771452981035512,0.7061249462929531,-0.5466219341302332,True,False,False,False,False,False,False,True,True,False,False
0.7914506431639426,-1.544561930522224,-0.7567263117151689,-1.0828319902155514,-0.6760667789218701,-0.586144340731908,0.7498574897983504,0.053141084406492074,0.7059217366752198,False,False,False,False,True,False,True,False,False,True,False
0.7914506431639426,0.20534815494255462,-0.44809940133874737,0.6280667420551153,-0.7345399211426341,-0.586144340731908,-1.203675714860036,-1.6201300616775636,-0.7587462654763181,False,False,False,True,False,False,True,False,False,True,False
1.3579469486580584,0.27742683123172157,-0.33493620086739284,0.6099139703599353,0.4115336663843446,-0.586144340731908,0.9222280666799728,-0.028481898329315424,-0.9910729140934585,False,False,True,False,False,True,False,False,True,False,False
-0.05829381507723105,-0.9318931820643038,-0.3143610735089647,-0.7787730643212952,1.0079597170361407,-0.586144340731908,-0.2700017567512484,1.6856007391226444,0.18571206694553574,True,False,False,False,False,False,True,False,False,True,False
0.6498265667904137,-0.7476921204364324,-0.17033518199996803,-0.6970855916929876,0.4232282948284982,0.9673431077813304,0.7211290603180801,0.2571985412460111,1.5897731172839065,True,False,False,False,False,True,False,False,True,False,False
-0.4831660441978179,-0.507429866139209,-0.9316148942618077,0.2468585364563457,1.3237146850282682,0.9673431077813304,1.4106113678445695,-1.6201300616775636,1.089765764825278,False,False,True,False,False,True,False,False,False,True,False
0.22495433766982686,1.0702922704125595,0.8378460585630088,0.4737681826460893,-0.021167586049309902,-0.586144340731908,-1.5196884391430103,0.4816617437694823,-0.9910729140934585,True,False,False,False,False,False,False,True,True,False,False
-0.341541967824289,0.3935535874753793,-0.8750332940261304,1.218031822148448,-0.8397915771400095,-0.586144340731908,-0.758385057915845,-1.6201300616775636,-0.885010748420416,True,False,False,False,False,False,True,False,True,False,False
-0.05829381507723105,1.747030953349739,1.4345247519574236,0.7142924076072176,-0.9684324900256912,-0.586144340731908,-0.5429218368138171,1.2570800797596542,-0.8345049552427768,False,False,False,True,False,False,False,True,True,False,False
0.5082024904168848,-0.010887873924946955,-0.9007522032241656,0.7823653014641408,-1.2023250589087484,-0.586144340731908,1.4967966562853807,0.5428789808213378,0.7715792678061507,False,False,False,True,False,False,True,False,False,False,True
-1.0496623496919337,-2.1612350498850974,-0.9830527126578779,-1.5820332118329874,0.8208456619296949,2.5208305562945688,-0.3274586157117892,-1.6201300616775636,2.306955380406383,False,False,False,False,True,False,True,False,True,False,False
2.207691406899232,-0.751696491341386,-0.8956084213845585,-0.06173858236170544,1.2535469143633504,0.9673431077813304,-0.5860144810342227,0.032735338722540246,-0.1728790646157029,True,False,False,False,False,False,True,False,False,True,False
-1.3329105024389916,0.8660693542599188,1.3162177696464619,-0.179731598380372,0.21272498283374625,0.9673431077813304,0.14656047071267228,-0.04888764401326725,0.08470048059025725,True,False,False,False,False,False,False,True,True,False,False
-1.4745345788125206,0.29744868575648975,-0.365798891905035,0.6598340925216787,1.1132113730335162,-0.586144340731908,-0.8014777021362506,-1.2324208936824776,-0.016311105765021212,True,False,False,False,False,True,False,False,False,True,False
1.2163228722845296,-0.36727688446582807,1.712288971296203,-1.9269358740413978,0.03730555617145413,-0.586144340731908,0.20401732967321307,-0.45700255769230524,-0.5011667202703579,False,False,False,True,False,False,False,True,True,False,False
0.7914506431639426,0.22937438037227645,0.6423823486579419,-0.30680100024662854,1.2886307996958082,0.9673431077813304,-1.5771452981035512,-1.2120151479985257,2.4635233392570655,False,False,False,True,False,False,False,True,False,True,False
0.5082024904168848,1.618891084391219,-0.07774710888704173,1.9032989536414735,-0.793013063363398,-0.586144340731908,1.8271735953084902,-0.008076152645363413,-0.6577346791210396,True,False,False,False,False,False,False,True,True,False,False
0.6498265667904137,0.6658508090122325,-0.010877944972150234,0.7642125297689609,1.1950737721425855,0.9673431077813304,-1.5484168686232809,-0.9875519454750546,0.34228002579621725,True,False,False,False,False,False,True,False,True,False,False
-0.19991789145076,0.509680343719037,2.1135039547855508,-1.2870506717863208,-0.19658701271160306,-0.586144340731908,-0.528557622073682,-1.6201300616775636,-0.9910729140934585,False,False,False,True,False,False,False,True,True,False,False
-1.1912864260654628,0.6258070999626955,-0.44809940133874737,1.1045769990535763,0.3530605241635806,0.9673431077813304,-0.313094400971654,-0.538625540428113,-0.026412264400549022,True,False,False,False,False,True,False,False,True,False,False
-0.05829381507723105,0.8260256452103824,0.9201465679967212,0.12432732751388437,1.0781274877010574,2.5208305562945688,1.6548030184268678,0.42044450671762645,1.145322137320681,False,False,False,True,False,False,False,True,False,True,False
0.9330747195374717,-0.8758319893949514,-0.9213273305825936,-0.179731598380372,0.7272886343764721,0.9673431077813304,2.143186319591464,1.9508754330140192,0.2766224946652864,True,False,False,False,False,True,False,False,False,True,False
-0.341541967824289,0.2734224603267679,-0.7875890027528111,1.0047367547300896,1.1132113730335162,-0.586144340731908,0.6062153423969985,-0.72227725158368,-0.46581266504601043,True,False,False,False,False,True,False,False,True,False,False
-1.0496623496919337,0.6258070999626961,0.045703655263526974,0.668910478369269,-0.43047958159466027,-0.586144340731908,0.14656047071267228,0.31841577829786694,-0.9910729140934585,True,False,False,False,False,False,True,False,False,True,False
-0.4831660441978179,1.0022179650283454,-0.6435631112438144,1.7036184649944994,-1.6584155682307091,-0.586144340731908,-1.3185894327811176,-0.25294510085278626,-0.9910729140934585,True,False,False,False,False,True,False,False,True,False,False
0.36657841404335584,0.8981043214995487,0.15372307389527445,0.8822055457876274,1.6979427952411577,2.5208305562945688,0.31893104759429464,-0.31416233790464193,0.7968321643949704,False,False,False,True,False,False,True,False,True,False,False
-0.7664141969448758,-0.05894032478439135,-0.6487068930834213,0.5055355331126535,-0.4187849531505076,-0.586144340731908,-0.830206131616521,0.032735338722540246,-0.47086324436377436,False,False,False,True,False,False,True,False,False,True,False
-1.0496623496919337,0.0411689478394518,0.3440430019607344,-0.2568808780848852,0.10747332683637077,-0.586144340731908,1.1233270730418656,-0.6610600145318243,-0.6779369963920953,True,False,False,False,False,False,False,True,True,False,False
0.0833302612962979,0.15729570408311022,-0.8904646395449515,0.9638930184159359,1.0781274877010574,-0.586144340731908,-1.0887619969389546,0.5836904721892417,-0.45571150641048264,True,False,False,False,False,False,True,False,True,False,False
0.0833302612962979,-1.6326580904312058,0.24631114700820098,-2.067619854679039,0.21272498283374625,-0.586144340731908,0.16092468545280747,-1.334449622102237,0.6655171021331083,True,False,False,False,False,False,False,True,False,True,False
-0.7664141969448758,-1.8248678938689846,-0.5612626018101019,-1.5729568259853977,-0.14980849893499162,-0.586144340731908,-0.2843659714913836,-0.6406542688478725,0.7261240539462755,True,False,False,False,False,False,True,False,False,True,False
-0.6247901205713469,-1.0800549055475916,-0.7310074025171337,-0.579092575674321,0.7155940059323195,0.9673431077813304,-0.8732987758369266,-0.1917278638009306,0.7059217366752198,True,False,False,False,False,True,False,False,True,False,False
0.0833302612962979,0.5537284236735285,0.1948733286121307,0.4556154109509098,-1.8572242517813076,-0.586144340731908,0.5487584834364577,1.5019490279670773,-0.7435945275230262,False,False,True,False,False,False,True,False,True,False,False
-1.7577827315595784,-0.8758319893949514,-0.9058959850637726,-0.19334617715175673,0.025610927727300496,-0.586144340731908,0.5487584834364577,0.33882152398181875,-0.20318254052228643,True,False,False,False,False,False,True,False,False,True,False
-1.7577827315595784,0.14127822046329494,-0.4275242739803192,0.5373028835792173,0.08408406994806557,-0.586144340731908,1.008413355120784,-0.0896991353811711,0.44834219146925974,False,False,False,True,False,False,True,False,True,False,False
-0.9080382733184048,-0.9479106656841187,-0.8596019485073093,-0.31587738609421845,0.1425572121688296,-0.586144340731908,-1.5771452981035512,-0.9059289627392472,0.19076264626329956,True,False,False,False,False,False,True,False,True,False,False
-0.341541967824289,0.46162789285959327,1.6865700620981678,-0.964838974196885,-1.6116370544540977,-0.586144340731908,0.8647712077194321,0.032735338722540246,-0.9910729140934585,False,False,False,True,False,False,False,True,True,False,False
0.22495433766982686,1.8231140005438595,1.8768899901636273,0.4102334817129612,0.7740671481530835,-0.586144340731908,2.0570010311506532,-0.3957853206404496,-0.9910729140934585,False,False,False,True,False,False,False,True,False,True,False
1.4995710250315875,-3.090249099834362,-1.0447780947331622,-2.580435655067859,1.627775024576242,0.9673431077813304,0.20401732967321307,1.1142398599719912,3.271616030099293,False,True,False,False,False,True,False,False,False,True,False
0.7914506431639426,1.9953019494568696,2.6536010479442886,-0.07989135405688494,0.5869530930466378,-0.586144340731908,1.4393397973248399,-1.2528266393664296,-0.7284427895697345,False,False,False,True,False,False,False,True,True,False,False
-0.341541967824289,-0.7917402003909235,-0.34007998270699985,-0.5972453473695005,0.13086258372467702,-0.586144340731908,-0.1981806830505724,-0.4774083033762573,-0.7082404722986788,True,False,False,False,False,True,False,False,True,False,False
-0.19991789145076,0.33348802390107396,0.10742903733881132,0.2831640798467047,-0.9216539762490799,-0.586144340731908,-1.5484168686232809,-0.17132211811697876,-0.561773672083525,True,False,False,False,False,True,False,False,True,False,False
-1.3329105024389916,-0.827779538535507,-0.9521900216202357,-0.09804412575206443,0.5635638361583325,-0.586144340731908,-0.2843659714913836,-0.2937565922206901,-0.3041941268775649,True,False,False,False,False,False,True,False,False,True,False
-0.19991789145076,1.1944277684661244,0.004553400546670739,1.3496394169384998,-0.6877614073660226,-0.586144340731908,0.7067648455779448,0.7673421833448086,-0.3850033959617877,True,False,False,False,False,True,False,False,True,False,False
-0.4831660441978179,-0.8558101348701829,-0.7361511843567408,-0.32041557901801326,-0.7111506642543288,-0.586144340731908,-0.7727492726559803,-1.3140438764182851,0.4382410328337319,False,False,False,True,False,False,True,False,True,False,False
0.22495433766982686,-1.3203171598448151,-0.32464863718817877,-1.209901392081808,2.0253923916774386,0.9673431077813304,-0.38491547467232995,0.8693709117645682,1.3928005238911136,True,False,False,False,False,False,False,True,False,True,False
-1.0496623496919337,0.773968823445983,-0.39666158294267717,1.2271082079960376,-0.945043233137385,-0.586144340731908,0.2902026181140242,0.8897766574485203,-0.9708705968224028,True,False,False,False,False,False,True,False,True,False,False
0.5082024904168848,0.4816497473843615,-0.8698895121865233,1.3133338735481408,-1.8338349948930024,-0.586144340731908,-0.15508803883016684,-0.27335084653673825,-0.9910729140934585,False,False,False,True,False,False,True,False,False,True,False
1.6411951014051165,-1.1120898727872215,-0.6487068930834213,-0.6880092058453977,1.9201407356800633,0.9673431077813304,0.8216785634990265,-1.0691749282108622,1.892807876349742,True,False,False,False,False,True,False,False,True,False,False
-0.19991789145076,0.9821961105035772,-0.7464387480359548,1.7716913588514227,-0.8631808340283158,-0.586144340731908,-0.06890275038935566,-0.06929338969721927,-0.9910729140934585,False,False,False,True,False,True,False,False,True,False,False
0.36657841404335584,0.5417153109586668,-0.8647457303469164,1.3768685744812683,-0.7111506642543288,-0.586144340731908,0.3045668328541594,0.07354683009044426,-0.9910729140934585,False,False,False,True,False,False,True,False,True,False,False
0.6498265667904137,-0.12701463016860468,0.08171012814077606,-0.216037141770731,-1.482996141568416,-0.586144340731908,-0.4567365483730059,-0.25294510085278626,-0.8244037966072489,True,False,False,False,False,False,False,True,False,True,False
-0.6247901205713469,1.0182354486481606,1.8048770444091293,-0.4384085950366798,1.1950737721425855,2.5208305562945688,-0.09763117986962605,-0.45700255769230524,0.13520627376789648,False,False,False,True,False,False,False,True,False,True,False
0.0833302612962979,-0.5234473497590236,-0.3503675463862139,-0.28411003562765424,-0.9099593478049273,-0.586144340731908,-0.9020272053171969,1.726412230490548,0.054397004683673644,True,False,False,False,False,True,False,False,False,True,False
-0.05829381507723105,-0.3913031098955506,0.31318031092309223,-0.7197765563119619,1.0781274877010574,0.9673431077813304,-0.6434713399947635,-1.6201300616775636,0.8927931714324848,False,False,True,False,False,False,False,True,False,True,False
-1.0496623496919337,0.005129609694868318,0.8378460585630088,-0.7333911350833466,0.36475515260773317,-0.586144340731908,0.9940491403806488,0.31841577829786694,-0.05671574030713264,False,False,False,True,False,False,False,True,True,False,False
-0.05829381507723105,1.1984321393710788,1.3573680243633182,0.16063287090424336,-0.5240366091478831,-0.586144340731908,-0.5860144810342227,1.2162685883917506,-0.9304659622802914,False,False,False,True,False,False,False,True,True,False,False
0.36657841404335584,0.8700737251648731,1.3419366788444969,-0.1978843700755515,-1.8806135086696139,-0.586144340731908,-0.05453853564922046,-0.008076152645363413,-0.9658200175046389,False,False,False,True,False,False,False,True,False,True,False
1.4995710250315875,0.5337065691487602,-0.7155760569983126,1.236184593843628,-0.8047076918075518,-0.586144340731908,-0.614742910514493,-1.2528266393664296,-0.8395555345605408,True,False,False,False,False,False,True,False,True,False,False
0.9330747195374717,-1.2242122581259256,-0.8750332940261304,-0.6153981190646797,0.8442349188180002,0.9673431077813304,-0.7871134873961154,-0.5998427774799686,1.1958279304983204,True,False,False,False,False,True,False,False,True,False,False
2.349315483272761,-0.507429866139209,-0.6384193294042073,-0.011818460199962107,-0.26675478337652075,-0.586144340731908,-1.5771452981035512,-1.6201300616775636,-0.9910729140934585,False,False,False,True,False,False,True,False,True,False,False
-1.0496623496919337,0.4616278928595926,0.22573601964977286,0.3240078161608585,-0.04455684293761614,-0.586144340731908,-1.3042252180409823,0.6449077092410973,-0.294092968242037,False,False,False,False,True,True,False,False,True,False,False
0.7914506431639426,1.0302485613630217,1.6094133345040624,-0.25234268516109,0.3062820103869691,0.9673431077813304,-0.5860144810342227,-1.6201300616775636,0.2766224946652864,False,False,False,True,False,False,False,True,True,False,False
0.0833302612962979,-1.204190403601157,-0.7258636206775266,-0.7243147492357567,1.4991341116905592,0.9673431077813304,0.3907521212949706,0.2980100326139151,1.5594696413773228,True,False,False,False,False,True,False,False,False,True,False
2.349315483272761,-1.616640606811391,-0.7875890027528111,-1.13729030530109,-0.18489238426745044,-0.586144340731908,1.3962471531044343,-0.6814657602157763,0.3877352396560927,True,False,False,False,False,True,False,False,True,False,False
-1.0496623496919337,0.23337875127723082,0.9870157319116125,-0.6063217332170902,1.9201407356800633,0.9673431077813304,-0.6291071252546283,0.2571985412460111,0.21096496353435534,False,False,True,False,False,False,False,True,False,True,False
-1.0496623496919337,1.9953019494568696,0.5189315845073732,1.803458709317987,-0.18489238426745044,2.5208305562945688,-1.4478673654423344,-0.27335084653673825,-0.47591382368153834,True,False,False,False,False,True,False,False,False,True,False
-0.7664141969448758,2.0153238039816386,1.2030545691751076,1.222570015072243,-0.886570090916621,-0.586144340731908,-1.5771452981035512,-0.43659681200835343,-0.6981393136631509,False,False,True,False,False,False,False,True,True,False,False
-0.7664141969448758,-0.5634910588085611,-0.5509750381308879,-0.15250244083760295,2.458093644111093,4.074318004807807,1.3962471531044343,-0.5998427774799686,2.594838401518927,False,False,True,False,False,True,False,False,True,False,False
-1.0496623496919337,0.47764537647940786,2.314111446530225,-1.50034573920468,-1.5882477975657925,-0.586144340731908,1.0371417846010544,0.6857192006090013,-0.5466219341302332,False,False,False,True,False,False,False,True,False,True,False
0.0833302612962979,0.5617371654834358,0.9098590043175071,-0.16611701960898767,-0.3953956962622014,-0.586144340731908,0.5200300539561874,-0.31416233790464193,-0.1476261680268833,False,False,True,False,False,False,False,True,True,False,False
0.22495433766982686,-1.2802734507952778,-0.9264711124222007,-0.6335508907598592,-1.5882477975657925,-0.586144340731908,0.8504069929792968,-0.25294510085278626,-0.6375323618499839,True,False,False,False,False,False,True,False,False,True,False
2.066067330525703,-0.1670583392181425,-0.13432870912271894,-0.07081496820929539,0.48170143704926227,-0.586144340731908,1.7697167363479493,2.154932889853538,-0.63248178253222,False,False,True,False,False,True,False,False,True,False,False
0.9330747195374717,0.5216934564338986,0.693820167054012,-0.020894846047551655,0.2478088681662051,-0.586144340731908,0.18965311493307785,0.31841577829786694,-0.7637968447940819,True,False,False,False,False,False,False,True,False,True,False
-0.7664141969448758,0.5737502781982974,-0.5921252928477441,1.1726498929104996,-0.29014404026482593,0.9673431077813304,0.4051163360351058,-0.3345680835885939,-0.1425755887091193,True,False,False,False,False,False,True,False,True,False,False
-1.1912864260654628,1.1023272376521887,2.051778572710267,-0.5609398039791416,-1.1321572882438307,-0.586144340731908,-0.7009281989553042,0.7673421833448086,-0.9910729140934585,True,False,False,False,False,False,False,True,True,False,False
0.36657841404335584,-0.6195522514779132,-0.5098247834140317,-0.25234268516109,-1.5531639122333336,-0.586144340731908,-1.3042252180409823,1.9712811786979714,-0.6021783066256364,True,False,False,False,False,True,False,False,False,True,False
-1.6161586551860496,0.6858726635370014,-0.7001447114794916,1.3950213461764482,-0.021167586049309902,-0.586144340731908,-1.0025767084981434,0.21638704987810742,-0.9910729140934585,False,False,False,True,False,False,True,False,False,True,False
1.9244432541521743,0.773968823445983,1.0333097684680757,-0.03450942481893638,1.2418522859191978,-0.586144340731908,-0.15508803883016684,0.2980100326139151,-0.895111907055944,False,False,False,True,False,False,False,True,True,False,False
1.2163228722845296,1.9872932076469623,2.0569223545498736,0.43746263925573026,-1.2607982011295125,-0.586144340731908,-0.38491547467232995,-1.4772898418899003,-0.7031898929809149,False,False,False,True,False,False,False,True,False,True,False
-0.6247901205713469,-1.0440155674030083,0.4057683840360188,-1.5411894755188336,0.8793188041504589,-0.586144340731908,2.0426368164105178,-0.06929338969721927,0.9938047577877633,False,False,False,True,False,False,False,True,True,False,False
-2.0410308843066365,0.22136563856236918,1.6659949347397398,-1.2189777779293975,-1.6701101966748617,-0.586144340731908,-0.15508803883016684,-0.1917278638009306,-0.8143026379717212,False,False,True,False,False,False,False,True,False,True,False
1.3579469486580584,-0.12701463016860468,0.08171012814077606,-0.216037141770731,0.6571208637115544,-0.586144340731908,1.1951481467425416,0.44085025240157827,-0.6577346791210396,False,False,False,True,False,False,False,True,False,True,False
-0.19991789145076,-1.6006231231915764,-0.6487068930834213,-1.2416687425483723,0.3764497810518868,-0.586144340731908,-0.18381646831043721,0.8489651660806162,0.06954874263696545,False,True,False,False,False,True,False,False,True,False,False
1.2163228722845296,-0.07095343749925298,0.8327022767234016,-0.8150786077116542,-0.5240366091478831,-0.586144340731908,-0.313094400971654,0.37963301534972277,-0.5668242514012889,True,False,False,False,False,False,False,True,True,False,False
